home_elo,away_elo,elo_diff,points_last_5_diff,goal_difference_last_5_diff,knockout_stage
1995.0,1713.0,282.0,1.7999999999999998,1.7999999999999998,0
1830.0,1748.0,82.0,0.0,-0.39999999999999997,0
1872.0,1823.0,49.0,1.4,1.2000000000000002,0
1982.0,1887.0,95.0,-0.19999999999999996,0.0,0
1601.0,1813.0,-212.0,0.20000000000000018,0.19999999999999996,0
1858.0,1573.0,285.0,-0.10000000000000009,0.5,0
1663.0,1811.0,-148.0,-0.8,-0.6,0
1758.0,1814.0,-56.0,0.20000000000000018,0.2,0
1956.0,1490.0,466.0,1.0,2.6,0
1928.0,1881.0,47.0,0.3999999999999999,2.0,0
1972.0,1666.0,306.0,1.2000000000000002,2.8,0
1995.0,1830.0,165.0,0.7999999999999998,1.2,0
1622.0,1803.0,-181.0,0.19999999999999996,0.0,0
1823.0,1813.0,10.0,0.6000000000000001,0.5999999999999999,0
1601.0,1872.0,-271.0,-0.5999999999999999,-0.7999999999999999,0
1982.0,1758.0,224.0,0.19999999999999996,0.4,0
1748.0,1713.0,35.0,1.2000000000000002,1.2,0
1811.0,1881.0,-70.0,-0.3999999999999999,0.0,0
1928.0,1663.0,265.0,1.4000000000000001,2.6,0
1814.0,1887.0,-73.0,-1.0,-0.19999999999999996,0
1972.0,1622.0,350.0,-0.19999999999999996,0.3999999999999999,0
1858.0,1956.0,-98.0,-0.3999999999999999,-1.5333333333333337,0
1490.0,1573.0,-83.0,-0.19999999999999996,-0.6,0
1601.0,1823.0,-222.0,0.19999999999999996,0.2,0
1813.0,1872.0,-59.0,-0.19999999999999996,0.0,0
1803.0,1666.0,137.0,0.4,1.6,0
1713.0,1830.0,-117.0,-1.0,-0.6000000000000001,0
1995.0,1748.0,247.0,0.3999999999999999,0.4,0
1928.0,1811.0,117.0,1.0,2.4,0
1887.0,1758.0,129.0,0.40000000000000013,0.4,0
1982.0,1814.0,168.0,1.0,0.4,0
1881.0,1663.0,218.0,0.3999999999999999,-0.2,0
1858.0,1490.0,368.0,0.8500000000000001,0.75,0
1573.0,1956.0,-383.0,-1.5999999999999999,-2.8000000000000003,0
1972.0,1803.0,169.0,0.8,1.2,0
1666.0,1622.0,44.0,-1.6,-4.0,0
1830.0,1813.0,17.0,1.2000000000000002,1.0,1
1995.0,1858.0,137.0,0.8,1.2000000000000002,1
1823.0,1972.0,-149.0,-0.3999999999999999,-1.2,1
1490.0,1811.0,-321.0,0.19999999999999996,-0.4,1
1956.0,1887.0,69.0,1.0,2.0,1
1601.0,1928.0,-327.0,-1.0,-2.8,1
1622.0,1982.0,-360.0,-0.19999999999999996,0.7999999999999999,1
1814.0,1803.0,11.0,-0.20000000000000018,-0.19999999999999996,1
1982.0,1830.0,152.0,-0.20000000000000018,-0.9999999999999999,1
1956.0,1928.0,28.0,-0.20000000000000018,-0.8,1
1803.0,1995.0,-192.0,-1.0,-0.4,1
1823.0,1811.0,12.0,0.19999999999999996,-0.6000000000000001,1
1803.0,1982.0,-179.0,0.0,0.4,1
1811.0,1928.0,-117.0,-0.8,-0.5999999999999999,1
1811.0,1803.0,8.0,-0.3999999999999999,-0.6,1
1928.0,1982.0,-54.0,0.0,0.3999999999999999,1
1573.0,1817.0,-244.0,-1.8000000000000003,-2.8000000000000003,0
2071.0,1810.0,261.0,0.8,0.6,0
1991.0,1724.0,267.0,0.3999999999999999,0.8,0
1663.0,1690.0,-27.0,0.40000000000000013,-0.3999999999999999,0
2038.0,1728.0,310.0,0.6000000000000001,0.8,0
1843.0,1817.0,26.0,-1.2,-1.4,0
1666.0,1968.0,-302.0,0.3999999999999999,0.0,0
1672.0,1814.0,-142.0,-0.40000000000000013,-1.0,0
1926.0,1767.0,159.0,1.0,1.8000000000000003,0
1988.0,1622.0,366.0,1.2,3.0,0
1807.0,1707.0,100.0,2.6,2.8000000000000003,0
1558.0,1874.0,-316.0,-2.2,-3.4,0
,1536.0,,1.2000000000000002,1.7999999999999998,0
2084.0,1743.0,341.0,0.19999999999999996,0.8,0
1865.0,1839.0,26.0,1.4,1.8,0
1872.0,1621.0,251.0,0.8,0.4,0
1810.0,1817.0,-7.0,-1.8000000000000003,-2.8000000000000003,0
2071.0,1573.0,498.0,1.7999999999999998,1.4,0
1724.0,1690.0,34.0,-0.19999999999999996,-0.6,0
1991.0,1663.0,328.0,0.19999999999999996,0.4,0
2038.0,1666.0,372.0,1.2000000000000002,2.2,0
1728.0,1968.0,-240.0,-0.7999999999999999,-0.5999999999999999,0
1622.0,1817.0,-195.0,-0.5999999999999999,-1.4,0
1988.0,1843.0,145.0,1.2,2.4,0
1767.0,1814.0,-47.0,0.0,0.4,0
1707.0,1874.0,-167.0,-2.2,-3.4,0
1926.0,1672.0,254.0,1.0000000000000002,2.0,0
1807.0,1558.0,249.0,2.6,2.8,0
2084.0,,,0.0,1.0,0
1743.0,1536.0,207.0,0.8,1.4,0
1865.0,1872.0,-7.0,0.3999999999999999,0.19999999999999996,0
1839.0,1621.0,218.0,-0.4,-1.0,0
2071.0,1817.0,254.0,0.19999999999999973,-0.8000000000000003,0
1724.0,1663.0,61.0,-0.20000000000000018,0.2,0
1991.0,1690.0,301.0,0.3999999999999999,0.5999999999999999,0
1810.0,1573.0,237.0,0.0,0.4,0
1622.0,1843.0,-221.0,0.7999999999999999,0.0,0
2038.0,1968.0,70.0,1.8,2.8,0
1988.0,1817.0,171.0,0.0,0.8,0
1728.0,1666.0,62.0,0.19999999999999996,1.2000000000000002,0
1743.0,,,-1.2000000000000002,-1.2,0
2084.0,1536.0,548.0,1.0000000000000002,2.8000000000000003,0
1926.0,1814.0,112.0,0.40000000000000013,2.0,0
1767.0,1672.0,95.0,1.2000000000000002,2.0,0
1839.0,1872.0,-33.0,-0.8,-1.2000000000000002,0
1807.0,1874.0,-67.0,0.0,-0.20000000000000018,0
1865.0,1621.0,244.0,2.0,1.5999999999999999,0
1707.0,1558.0,149.0,-0.2,0.8,0
2071.0,1724.0,347.0,0.40000000000000013,0.8,1
1991.0,1817.0,174.0,-0.20000000000000018,-1.0,1
1622.0,1968.0,-346.0,0.3999999999999999,-0.5999999999999999,1
2038.0,1843.0,195.0,1.6,1.8,1
1926.0,,,0.0,2.0,1
2084.0,1814.0,270.0,0.8,2.0,1
1807.0,1872.0,-65.0,1.0,1.2,1
1865.0,1874.0,-9.0,0.20000000000000018,-0.8000000000000003,1
2071.0,1968.0,103.0,1.0,1.4,1
2038.0,1991.0,47.0,1.0,1.2,1
2084.0,1874.0,210.0,0.20000000000000018,0.3999999999999999,1
1926.0,1807.0,119.0,-0.3999999999999999,0.19999999999999996,1
2071.0,1926.0,145.0,0.19999999999999973,0.0,1
2038.0,1874.0,164.0,0.20000000000000018,0.6000000000000001,1
1926.0,1874.0,52.0,0.40000000000000013,0.7999999999999999,1
2038.0,2071.0,-33.0,0.6000000000000001,0.19999999999999996,1
2112.0,1540.0,572.0,0.0,0.7999999999999999,0
1876.0,1700.0,176.0,0.0,2.2,0
1872.0,1663.0,209.0,1.0,1.0,0
1792.0,1858.0,-66.0,-1.0,-0.2,0
1935.0,1888.0,47.0,0.3999999999999999,0.8,0
2013.0,1657.0,356.0,-0.8,-0.6,0
1965.0,1716.0,249.0,0.3999999999999999,1.5999999999999999,0
1717.0,1679.0,38.0,-1.2000000000000002,-2.4,0
2019.0,1678.0,341.0,0.20000000000000018,-0.2,0
2016.0,1755.0,261.0,1.2000000000000002,1.5999999999999999,0
1878.0,1815.0,63.0,-0.5999999999999999,-0.3999999999999999,0
1707.0,1838.0,-131.0,-1.0000000000000002,-1.0,0
1693.0,1759.0,-66.0,-0.19999999999999996,0.4,0
1565.0,1740.0,-175.0,0.2,0.19999999999999996,0
1876.0,1872.0,4.0,-0.19999999999999996,2.4,0
1829.0,1621.0,208.0,0.0,-0.19999999999999996,0
1798.0,2011.0,-213.0,-0.40000000000000013,-0.39999999999999997,0
1858.0,1540.0,318.0,0.3999999999999999,0.0,0
1663.0,1700.0,-37.0,-1.0,1.2,0
2112.0,1792.0,320.0,0.0,0.6000000000000001,0
2013.0,1935.0,78.0,0.6000000000000001,-0.19999999999999996,0
1965.0,1717.0,248.0,0.8,2.0,0
1888.0,1657.0,231.0,-1.5999999999999999,-1.2,0
1679.0,1716.0,-37.0,0.6000000000000001,0.8,0
2016.0,1565.0,451.0,2.2,2.8,0
2019.0,1878.0,141.0,0.3999999999999999,0.0,0
1815.0,1678.0,137.0,1.6,1.4000000000000001,0
1707.0,1829.0,-122.0,0.0,-0.6000000000000001,0
1740.0,1755.0,-15.0,0.0,0.0,0
1693.0,1798.0,-105.0,-0.19999999999999996,0.0,0
2011.0,1759.0,252.0,-0.19999999999999996,-0.2,0
1621.0,1838.0,-217.0,-1.4,-1.2000000000000002,0
1858.0,2112.0,-254.0,1.6,1.2,0
1700.0,1872.0,-172.0,0.19999999999999996,-1.7999999999999998,0
1663.0,1876.0,-213.0,-0.8,-3.6,0
1540.0,1792.0,-252.0,0.6000000000000001,0.2,0
1888.0,2013.0,-125.0,-0.40000000000000013,-0.2,0
1679.0,1965.0,-286.0,0.6000000000000001,-0.40000000000000013,0
1716.0,1717.0,-1.0,0.3999999999999999,1.0,0
1657.0,1935.0,-278.0,0.0,-0.4,0
1740.0,2016.0,-276.0,-1.8,-2.6,0
1678.0,1878.0,-200.0,-1.2,-1.4,0
1815.0,2019.0,-204.0,1.6,0.8,0
1755.0,1565.0,190.0,0.8,1.8,0
1838.0,1829.0,9.0,0.6000000000000001,0.2,0
1707.0,1621.0,86.0,0.7999999999999999,0.4,0
1693.0,2011.0,-318.0,0.20000000000000018,0.4,0
1759.0,1798.0,-39.0,-1.4,-2.6,0
1858.0,1935.0,-77.0,1.2000000000000002,0.8,1
1876.0,1717.0,159.0,0.6000000000000001,3.2,1
1965.0,1872.0,93.0,0.7999999999999998,1.2000000000000002,1
1888.0,1540.0,348.0,-0.40000000000000013,-0.2,1
1815.0,1798.0,17.0,1.2000000000000002,0.4,1
2016.0,1838.0,178.0,0.7999999999999998,2.1999999999999997,1
1707.0,1755.0,-48.0,0.20000000000000018,-0.4,1
1693.0,2019.0,-326.0,0.6000000000000001,0.4,1
1935.0,2016.0,-81.0,-1.2,-1.9999999999999998,1
1876.0,1798.0,78.0,1.2000000000000002,3.2,1
1693.0,1965.0,-272.0,-0.6000000000000001,-1.4,1
1540.0,1755.0,-215.0,0.8000000000000003,0.39999999999999997,1
1693.0,1876.0,-183.0,-0.3999999999999999,-1.5999999999999999,1
2016.0,1755.0,261.0,1.0,1.4000000000000001,1
1693.0,1755.0,-62.0,-0.3999999999999999,-0.6000000000000001,1
1876.0,2016.0,-140.0,-0.3999999999999999,-1.2000000000000002,1
1837.0,1719.0,118.0,1.0,1.2000000000000002,0
1881.0,1736.0,145.0,1.4,3.4,0
1498.0,1874.0,-376.0,0.0,-0.20000000000000007,0
1968.0,1767.0,201.0,1.8,2.2,0
1917.0,1767.0,150.0,0.0,0.0,0
1549.0,1914.0,-365.0,-1.4000000000000001,-1.8000000000000003,0
1841.0,1804.0,37.0,-0.8,-1.8,0
,1995.0,,0.0,0.2,0
1797.0,1789.0,8.0,1.0,1.0,0
1949.0,1617.0,332.0,0.40000000000000013,0.4,0
1849.0,1964.0,-115.0,-1.2000000000000002,-1.5999999999999999,0
2034.0,1847.0,187.0,1.2000000000000002,2.8000000000000003,0
1955.0,1795.0,160.0,0.3999999999999999,0.20000000000000007,0
1745.0,1582.0,163.0,1.0,1.2,0
1881.0,1837.0,44.0,1.4000000000000001,2.8,0
1961.0,1781.0,180.0,0.0,-1.2,0
1690.0,1595.0,95.0,0.4,0.6000000000000001,0
1874.0,1767.0,107.0,-0.19999999999999996,-0.39999999999999997,0
1968.0,1498.0,470.0,2.6,3.4000000000000004,0
1719.0,1736.0,-17.0,0.8,1.8,0
1917.0,,,0.40000000000000013,0.8,0
1841.0,1549.0,292.0,0.6000000000000001,0.0,0
1995.0,1767.0,228.0,1.6,0.6000000000000001,0
1964.0,1617.0,347.0,1.2000000000000002,1.4,0
1949.0,1849.0,100.0,0.40000000000000013,1.2,0
1914.0,1804.0,110.0,0.6000000000000001,0.8,0
2034.0,1797.0,237.0,0.3999999999999999,2.0,0
1955.0,1745.0,210.0,0.3999999999999999,0.6000000000000001,0
1789.0,1847.0,-58.0,0.19999999999999996,-0.4,0
1961.0,1690.0,271.0,1.4000000000000001,1.2000000000000002,0
1582.0,1795.0,-213.0,-1.2000000000000002,-1.8,0
1595.0,1781.0,-186.0,-1.2,-1.7999999999999998,0
1874.0,1968.0,-94.0,-1.8,-2.8,0
1767.0,1498.0,269.0,0.8,1.4000000000000001,0
1736.0,1837.0,-101.0,-1.2,-2.6,0
1881.0,1719.0,162.0,1.2000000000000002,2.0,0
1804.0,1549.0,255.0,0.5999999999999999,0.4,0
1767.0,,,0.19999999999999996,1.8,0
1995.0,1917.0,78.0,0.20000000000000018,-1.4000000000000001,0
1914.0,1841.0,73.0,1.6,2.1999999999999997,0
1847.0,1797.0,50.0,-1.6,-1.2,0
1964.0,1949.0,15.0,0.5999999999999999,0.3999999999999999,0
1617.0,1849.0,-232.0,0.6000000000000001,1.2,0
1789.0,2034.0,-245.0,-1.8,-3.4000000000000004,0
1795.0,1745.0,50.0,0.19999999999999996,0.8,0
1595.0,1961.0,-366.0,-1.8,-3.0,0
1781.0,1690.0,91.0,1.0,1.2,0
1582.0,1955.0,-373.0,-1.6,-1.8,0
1917.0,1841.0,76.0,1.2,1.8,1
1881.0,1874.0,7.0,1.2000000000000002,1.6,1
1968.0,1719.0,249.0,1.2000000000000002,2.0,1
1914.0,1995.0,-81.0,0.7999999999999998,1.4,1
1949.0,1797.0,152.0,0.19999999999999996,0.4,1
1795.0,1781.0,14.0,-0.19999999999999973,0.0,1
2034.0,1617.0,417.0,0.6000000000000001,1.0000000000000002,1
1961.0,1955.0,6.0,0.7999999999999998,0.8,1
1881.0,1917.0,-36.0,0.3999999999999999,0.20000000000000018,1
1949.0,1781.0,168.0,0.20000000000000018,0.19999999999999996,1
2034.0,1955.0,79.0,0.7999999999999998,1.4000000000000001,1
1968.0,1914.0,54.0,-0.3999999999999999,0.3999999999999999,1
1881.0,1949.0,-68.0,0.0,0.0,1
1914.0,1955.0,-41.0,0.3999999999999999,0.0,1
1881.0,1914.0,-33.0,0.0,0.20000000000000007,1
1949.0,1955.0,-6.0,0.0,0.40000000000000013,1
1579.0,1850.0,-271.0,0.8,1.6,0
1808.0,2004.0,-196.0,1.0,1.4,0
1975.0,1865.0,110.0,0.5999999999999999,1.2,0
1689.0,1769.0,-80.0,0.8,1.4,0
1968.0,1735.0,233.0,0.7999999999999998,1.2,0
1979.0,1744.0,235.0,0.0,1.2,0
1768.0,1700.0,68.0,0.8,1.7999999999999998,0
1399.0,1594.0,-195.0,-1.7999999999999998,-3.6,0
1749.0,1768.0,-19.0,0.0,-0.6,0
2024.0,1818.0,206.0,1.4000000000000001,1.8,0
2008.0,1849.0,159.0,-0.40000000000000013,-0.4,0
2010.0,1538.0,472.0,2.6,3.2,0
1745.0,1827.0,-82.0,-1.2000000000000002,-1.4000000000000001,0
1496.0,1628.0,-132.0,-0.19999999999999996,-1.0,0
2098.0,1788.0,310.0,2.6,3.5999999999999996,0
1731.0,1803.0,-72.0,-2.0,-2.8,0
1579.0,1808.0,-229.0,0.0,0.19999999999999996,0
1769.0,1735.0,34.0,-0.8,-1.8,0
2004.0,1850.0,154.0,-0.3999999999999999,-0.8,0
1968.0,1689.0,279.0,1.2,1.5999999999999999,0
1594.0,1865.0,-271.0,1.0,1.2,0
1979.0,1768.0,211.0,1.0,1.8000000000000003,0
1975.0,1399.0,576.0,1.4,2.2,0
1768.0,1818.0,-50.0,-0.19999999999999996,-0.20000000000000007,0
1700.0,1744.0,-44.0,-0.6000000000000001,0.0,0
2024.0,1749.0,275.0,2.4,3.8,0
2010.0,1745.0,265.0,2.0,2.6,0
1628.0,1849.0,-221.0,-0.6000000000000001,-0.2,0
2008.0,1496.0,512.0,0.3999999999999999,0.8,0
1803.0,1788.0,15.0,1.5999999999999999,2.0,0
1827.0,1538.0,289.0,1.8000000000000003,2.2,0
2098.0,1731.0,367.0,2.0,2.8,0
1769.0,1968.0,-199.0,-2.2,-3.8,0
1850.0,1808.0,42.0,-0.20000000000000018,-0.40000000000000013,0
1735.0,1689.0,46.0,-0.19999999999999996,0.2,0
1579.0,2004.0,-425.0,1.0,1.2000000000000002,0
1865.0,1399.0,466.0,0.8,1.4,0
1594.0,1975.0,-381.0,0.3999999999999999,0.3999999999999999,0
1700.0,1979.0,-279.0,-1.0,-2.6,0
1744.0,1768.0,-24.0,0.0,-0.8,0
1628.0,2008.0,-380.0,0.19999999999999996,0.2,0
1849.0,1496.0,353.0,0.6000000000000001,1.0,0
1768.0,2024.0,-256.0,-2.8,-3.4,0
1818.0,1749.0,69.0,0.6,0.8,0
1538.0,1745.0,-207.0,-0.8,-1.8000000000000003,0
1803.0,2098.0,-295.0,0.6000000000000001,0.0,0
1788.0,1731.0,57.0,0.4,0.6,0
1827.0,2010.0,-183.0,-0.7999999999999998,0.0,0
1808.0,1689.0,119.0,1.8,2.4,1
1865.0,1700.0,165.0,0.8000000000000003,1.2000000000000002,1
1968.0,1850.0,118.0,1.0,1.8,1
1979.0,1975.0,4.0,0.19999999999999973,1.0,1
2010.0,1803.0,207.0,0.20000000000000018,1.0,1
2024.0,1628.0,396.0,1.4,2.0,1
2098.0,1827.0,271.0,0.19999999999999973,-0.5999999999999999,1
1849.0,1749.0,100.0,0.6000000000000001,1.0,1
2024.0,2010.0,14.0,0.3999999999999999,0.0,1
1808.0,1700.0,108.0,0.6000000000000001,1.2000000000000002,1
1968.0,1979.0,-11.0,0.6000000000000001,0.8,1
1849.0,2098.0,-249.0,-0.5999999999999999,-1.0,1
1808.0,2024.0,-216.0,-0.7999999999999998,-0.19999999999999996,1
1979.0,2098.0,-119.0,0.0,1.4000000000000001,1
1808.0,1979.0,-171.0,0.19999999999999996,-0.3999999999999999,1
2024.0,2098.0,-74.0,0.0,-0.19999999999999996,1
2132.0,1806.0,326.0,0.7999999999999998,2.4000000000000004,0
1769.0,1656.0,113.0,0.40000000000000013,1.6,0
2103.0,2003.0,100.0,0.7999999999999998,0.8,0
1913.0,1729.0,184.0,0.40000000000000013,0.6,0
1933.0,1932.0,1.0,0.8,0.8,0
1933.0,1840.0,93.0,0.6000000000000001,1.2,0
1915.0,1734.0,181.0,2.0,3.2,0
1798.0,1770.0,28.0,-1.4,-0.9999999999999999,0
2037.0,1779.0,258.0,0.40000000000000013,1.5999999999999999,0
1901.0,1685.0,216.0,2.0,4.8,0
1847.0,1836.0,11.0,0.8,0.8,0
1733.0,1720.0,13.0,0.0,0.2,0
1697.0,1847.0,-150.0,-0.6000000000000001,0.2,0
2086.0,1931.0,155.0,-0.3999999999999999,-0.6000000000000001,0
2132.0,1769.0,363.0,1.2,1.6,0
1845.0,1687.0,158.0,2.0,3.0,0
1835.0,1583.0,252.0,-0.3999999999999999,0.19999999999999996,0
1656.0,1806.0,-150.0,-0.6000000000000001,-0.2,0
1729.0,2003.0,-274.0,-1.2,-1.6,0
2103.0,1913.0,190.0,0.0,-1.2,0
1933.0,1798.0,135.0,0.19999999999999996,1.0,0
1770.0,1840.0,-70.0,1.4,1.8,0
1915.0,1933.0,-18.0,0.0,-0.39999999999999997,0
1685.0,1836.0,-151.0,-0.6,-1.6,0
1932.0,1734.0,198.0,0.3999999999999999,1.0,0
1847.0,1901.0,-54.0,-0.6000000000000001,-2.8,0
1720.0,1779.0,-59.0,0.0,0.6,0
2037.0,1733.0,304.0,1.2000000000000002,1.2000000000000002,0
2086.0,1697.0,389.0,1.0000000000000002,1.6,0
1835.0,1845.0,-10.0,0.3999999999999999,0.6000000000000001,0
1687.0,1583.0,104.0,-1.5999999999999999,-2.0,0
1847.0,1931.0,-84.0,0.3999999999999999,-0.4,0
1729.0,2103.0,-374.0,-1.6,-0.8,0
2132.0,1656.0,476.0,1.8,3.4,0
1806.0,1769.0,37.0,0.6000000000000001,0.6000000000000001,0
2003.0,1913.0,90.0,0.8,0.40000000000000013,0
1734.0,1933.0,-199.0,0.3999999999999999,-0.2,0
1840.0,1798.0,42.0,-0.19999999999999996,-0.4,0
1932.0,1915.0,17.0,-1.0,-0.6000000000000001,0
1770.0,1933.0,-163.0,-0.20000000000000018,-0.7999999999999999,0
1720.0,2037.0,-317.0,-1.4000000000000001,-1.4,0
1836.0,1901.0,-65.0,-1.6,-4.0,0
1779.0,1733.0,46.0,0.0,-0.6000000000000001,0
1685.0,1847.0,-162.0,-1.6,-1.4,0
1583.0,1845.0,-262.0,0.7999999999999998,0.7999999999999999,0
1687.0,1835.0,-148.0,-2.2,-2.8,0
1931.0,1697.0,234.0,0.8,0.0,0
1847.0,2086.0,-239.0,0.19999999999999996,-1.6,0
2132.0,1913.0,219.0,0.8,1.0,1
1933.0,1915.0,18.0,0.20000000000000018,1.4,1
1734.0,1840.0,-106.0,0.0,0.4,1
2003.0,1769.0,234.0,1.6,1.8,1
2086.0,1583.0,503.0,0.20000000000000018,1.2,1
1901.0,1720.0,181.0,1.2000000000000002,3.0,1
1835.0,1847.0,-12.0,1.0,0.7999999999999999,1
2037.0,1847.0,190.0,0.6000000000000001,0.8,1
2132.0,1933.0,199.0,-0.7999999999999998,-1.2,1
1901.0,2086.0,-185.0,0.0,1.0,1
2037.0,1835.0,202.0,0.0,0.19999999999999996,1
2003.0,1734.0,269.0,1.2,1.4,1
2132.0,2086.0,46.0,-0.3999999999999999,-0.19999999999999996,1
2003.0,2037.0,-34.0,-0.3999999999999999,0.6000000000000001,1
2132.0,2003.0,129.0,-0.6000000000000001,-1.2000000000000002,1
2086.0,2037.0,49.0,0.0,1.0,1
1684.0,1565.0,119.0,-0.7999999999999999,-1.0,0
1709.0,1796.0,-87.0,0.8,1.0,0
2000.0,2048.0,-48.0,-0.19999999999999996,-1.0,0
1641.0,1876.0,-235.0,-1.6,-2.0,0
1994.0,1734.0,260.0,0.0,0.19999999999999996,0
1983.0,1787.0,196.0,1.0,0.6,0
1906.0,1841.0,65.0,1.0,1.4,0
1853.0,1698.0,155.0,0.5999999999999999,0.19999999999999996,0
1743.0,1770.0,-27.0,-0.19999999999999996,-1.2000000000000002,0
2091.0,1858.0,233.0,-0.3999999999999999,-0.4,0
2130.0,1878.0,252.0,0.3999999999999999,0.0,0
1653.0,1940.0,-287.0,-0.6000000000000001,-0.6000000000000001,0
1929.0,1661.0,268.0,1.8,3.6,0
1795.0,1732.0,63.0,0.19999999999999996,0.39999999999999997,0
1684.0,1641.0,43.0,0.4,0.8,0
1927.0,1693.0,234.0,0.8,1.4,0
1830.0,1742.0,88.0,0.19999999999999996,0.39999999999999997,0
2000.0,1709.0,291.0,-0.8,-0.8,0
1876.0,1565.0,311.0,1.7999999999999998,2.8,0
1796.0,2048.0,-252.0,0.5999999999999999,-0.6,0
1841.0,1734.0,107.0,0.8000000000000003,0.6000000000000001,0
1994.0,1906.0,88.0,0.6000000000000001,0.19999999999999996,0
1983.0,1853.0,130.0,-0.40000000000000013,-0.2,0
1770.0,1878.0,-108.0,-0.40000000000000013,-0.8,0
2130.0,1743.0,387.0,2.0,2.6,0
1698.0,1787.0,-89.0,-0.2,0.0,0
1732.0,1858.0,-126.0,-0.5999999999999999,-0.39999999999999997,0
2091.0,1795.0,296.0,-0.19999999999999996,-0.2,0
1929.0,1653.0,276.0,1.6,2.8000000000000003,0
1693.0,1742.0,-49.0,-0.40000000000000013,-0.8,0
1830.0,1927.0,-97.0,-0.20000000000000018,-0.20000000000000007,0
1940.0,1661.0,279.0,1.8,2.8,0
1684.0,1876.0,-192.0,-1.6,-0.8,0
1565.0,1641.0,-76.0,-0.4,-1.0000000000000002,0
2048.0,1709.0,339.0,0.8000000000000003,1.2,0
1796.0,2000.0,-204.0,0.0,-0.6000000000000001,0
1734.0,1906.0,-172.0,0.20000000000000018,0.20000000000000007,0
1841.0,1994.0,-153.0,-0.8,-0.6,0
1698.0,1983.0,-285.0,-0.5999999999999999,0.0,0
1787.0,1853.0,-66.0,-2.0,-2.0,0
1770.0,2130.0,-360.0,-0.8,-0.6000000000000001,0
1878.0,1743.0,135.0,1.6,2.8,0
1732.0,2091.0,-359.0,-1.0,-1.0,0
1858.0,1795.0,63.0,1.0,0.4,0
1693.0,1830.0,-137.0,0.0,-0.4,0
1742.0,1927.0,-185.0,0.0,-0.19999999999999996,0
1661.0,1653.0,8.0,0.4,-0.6000000000000001,0
1940.0,1929.0,11.0,0.0,-0.5999999999999999,0
1994.0,1983.0,11.0,0.8000000000000003,1.4,1
1876.0,2000.0,-124.0,1.2,1.0,1
1684.0,2048.0,-364.0,-0.40000000000000013,0.19999999999999996,1
1853.0,1841.0,12.0,0.5999999999999999,0.4,1
2130.0,1858.0,272.0,0.8,2.2,1
1929.0,1693.0,236.0,1.6,2.6,1
1927.0,1940.0,-13.0,-0.7999999999999998,-1.0,1
1795.0,1878.0,-83.0,-0.19999999999999996,0.0,1
2130.0,1929.0,201.0,-0.3999999999999999,-0.40000000000000013,1
1876.0,1994.0,-118.0,0.7999999999999998,1.2000000000000002,1
1684.0,1853.0,-169.0,-1.0,-0.5999999999999999,1
1795.0,1940.0,-145.0,0.0,-0.5999999999999999,1
1994.0,1929.0,65.0,-0.3999999999999999,-0.8,1
1853.0,1940.0,-87.0,0.20000000000000018,-0.19999999999999996,1
1929.0,1940.0,-11.0,1.0,0.0,1
1994.0,1853.0,141.0,0.3999999999999999,0.0,1
